Method,Model,Accuracy,Precision,Recall,F1,ROC AUC
RFC,Random Forest,0.875,0.8433881578947368,0.875,0.8240982667239649,0.6356150793650793
RFC,Linear Discriminant Analysis,0.7145833333333333,0.833313988529923,0.7145833333333333,0.7529799447547945,0.7079365079365079
RFC,Support Vector Machine,0.6020833333333334,0.785962457508931,0.6020833333333334,0.662923157391552,0.521031746031746
LDA,Random Forest,0.575,0.890625,0.575,0.5011111111111111,0.5
LDA,Linear Discriminant Analysis,0.5791666666666667,0.8073167195478886,0.5791666666666667,0.6424366697559434,0.5996031746031746
LDA,Support Vector Machine,0.5479166666666667,0.7801439747102713,0.5479166666666667,0.6012201718734034,0.5395833333333334
RFE,Random Forest,0.8770833333333332,0.8922368421052631,0.8770833333333332,0.8214252972353531,0.6337301587301587
RFE,Linear Discriminant Analysis,0.7208333333333333,0.8390611737073103,0.7208333333333333,0.7605699751554472,0.728373015873016
RFE,Support Vector Machine,0.6083333333333333,0.787188343261564,0.6083333333333333,0.6672548655717174,0.514781746031746
