Method,Model,Accuracy,Precision,Recall,F1,ROC AUC,Confusion Matrix
RFE,Random Forest,86.66799999999999,79.39399999999999,86.66799999999999,82.21200000000002,73.84,"[[413   7]
 [ 57   3]]"
