Method,Model,Accuracy,Precision,Recall,F1,ROC AUC
RFE,Random Forest,86.876,84.28200000000001,86.876,84.71000000000001,73.58399999999999
